Id,Name,"Category Id",Cost,"Fling Power","Fling Effect Id"
1,"Master Ball",34,0,,
2,"Ultra Ball",34,800,,
3,"Great Ball",34,600,,
4,"Poke Ball",34,200,,
5,"Safari Ball",34,0,,
6,"Net Ball",33,1000,,
7,"Dive Ball",33,1000,,
8,"Nest Ball",33,1000,,
9,"Repeat Ball",33,1000,,
10,"Timer Ball",33,1000,,
11,"Luxury Ball",33,3000,,
12,"Premier Ball",33,20,,
13,"Dusk Ball",33,1000,,
14,"Heal Ball",33,300,,
15,"Quick Ball",33,1000,,
16,"Cherish Ball",33,0,,
17,Potion,27,200,30,
18,Antidote,30,200,30,
19,"Burn Heal",30,200,30,
20,"Ice Heal",30,200,30,
21,Awakening,30,200,30,
22,"Paralyze Heal",30,200,30,
23,"Full Restore",27,3000,30,
24,"Max Potion",27,2500,30,
25,"Hyper Potion",27,1500,30,
26,"Super Potion",27,700,30,
27,"Full Heal",30,400,30,
28,Revive,29,2000,30,
29,"Max Revive",29,4000,30,
30,"Fresh Water",27,200,30,
31,"Soda Pop",27,300,30,
32,Lemonade,27,400,30,
33,"Moomoo Milk",27,600,30,
34,"Energy Powder",27,500,30,
35,"Energy Root",27,1200,30,
36,"Heal Powder",30,300,30,
37,"Revival Herb",29,2800,30,
38,Ether,28,1200,30,
39,"Max Ether",28,2000,30,
40,Elixir,28,3000,30,
41,"Max Elixir",28,4500,30,
42,"Lava Cookie",30,350,30,
43,"Berry Juice",27,200,30,
44,"Sacred Ash",29,50000,30,
45,"Hp Up",26,10000,30,
46,Protein,26,10000,30,
47,Iron,26,10000,30,
48,Carbos,26,10000,30,
49,Calcium,26,10000,30,
50,"Rare Candy",26,10000,30,
51,"Pp Up",26,10000,30,
52,Zinc,26,10000,30,
53,"Pp Max",26,10000,30,
54,"Old Gateau",30,350,30,
55,"Guard Spec",1,1500,30,
56,"Dire Hit",1,1000,30,
57,"X Attack",1,1000,30,
58,"X Defense",1,2000,30,
59,"X Speed",1,1000,30,
60,"X Accuracy",1,1000,30,
61,"X Sp Atk",1,1000,30,
62,"X Sp Def",1,2000,30,
63,"Poke Doll",11,300,30,
64,"Fluffy Tail",11,100,30,
65,"Blue Flute",38,20,30,
66,"Yellow Flute",38,20,30,
67,"Red Flute",38,20,30,
68,"Black Flute",11,20,30,
69,"White Flute",11,20,30,
70,"Shoal Salt",9,20,30,
71,"Shoal Shell",9,20,30,
72,"Red Shard",9,1000,30,
73,"Blue Shard",9,1000,30,
74,"Yellow Shard",9,1000,30,
75,"Green Shard",9,1000,30,
76,"Super Repel",11,700,30,
77,"Max Repel",11,900,30,
78,"Escape Rope",11,300,30,
79,Repel,11,400,30,
80,"Sun Stone",10,3000,30,
81,"Moon Stone",10,3000,30,
82,"Fire Stone",10,3000,30,
83,"Thunder Stone",10,3000,30,
84,"Water Stone",10,3000,30,
85,"Leaf Stone",10,3000,30,
86,"Tiny Mushroom",24,500,30,
87,"Big Mushroom",24,5000,30,
88,Pearl,24,2000,30,
89,"Big Pearl",24,8000,30,
90,Stardust,24,3000,30,
91,"Star Piece",24,12000,30,
92,Nugget,24,10000,30,
93,"Heart Scale",9,100,30,
94,Honey,35,900,30,
95,"Growth Mulch",32,200,30,
96,"Damp Mulch",32,200,30,
97,"Stable Mulch",32,200,30,
98,"Gooey Mulch",32,200,30,
99,"Root Fossil",35,7000,100,
100,"Claw Fossil",35,7000,100,
101,"Helix Fossil",35,7000,100,
102,"Dome Fossil",35,7000,100,
103,"Old Amber",35,10000,100,
104,"Armor Fossil",35,7000,100,
105,"Skull Fossil",35,7000,100,
106,"Rare Bone",24,5000,100,
107,"Shiny Stone",10,3000,80,
108,"Dusk Stone",10,3000,80,
109,"Dawn Stone",10,3000,80,
110,"Oval Stone",10,2000,80,
111,"Odd Keystone",35,2100,80,
112,"Adamant Orb",18,0,60,
113,"Lustrous Orb",18,0,60,
114,"Grass Mail",25,50,,
115,"Flame Mail",25,50,,
116,"Bubble Mail",25,50,,
117,"Bloom Mail",25,50,,
118,"Tunnel Mail",25,50,,
119,"Steel Mail",25,50,,
120,"Heart Mail",25,50,,
121,"Snow Mail",25,50,,
122,"Space Mail",25,50,,
123,"Air Mail",25,50,,
124,"Mosaic Mail",25,50,,
125,"Brick Mail",25,50,,
126,"Cheri Berry",3,80,10,3
127,"Chesto Berry",3,80,10,3
128,"Pecha Berry",3,80,10,3
129,"Rawst Berry",3,80,10,3
130,"Aspear Berry",3,80,10,3
131,"Leppa Berry",3,80,10,3
132,"Oran Berry",3,80,10,3
133,"Persim Berry",3,80,10,3
134,"Lum Berry",3,80,10,3
135,"Sitrus Berry",3,80,10,3
136,"Figy Berry",6,80,10,3
137,"Wiki Berry",6,80,10,3
138,"Mago Berry",6,80,10,3
139,"Aguav Berry",6,80,10,3
140,"Iapapa Berry",6,80,10,3
141,"Razz Berry",8,200,10,
142,"Bluk Berry",8,20,10,
143,"Nanab Berry",8,200,10,
144,"Wepear Berry",8,20,10,
145,"Pinap Berry",8,200,10,
146,"Pomeg Berry",2,80,10,
147,"Kelpsy Berry",2,80,10,
148,"Qualot Berry",2,80,10,
149,"Hondew Berry",2,80,10,
150,"Grepa Berry",2,80,10,
151,"Tamato Berry",2,80,10,
152,"Cornn Berry",8,20,10,
153,"Magost Berry",8,20,10,
154,"Rabuta Berry",8,20,10,
155,"Nomel Berry",8,20,10,
156,"Spelon Berry",8,20,10,
157,"Pamtre Berry",8,20,10,
158,"Watmel Berry",8,20,10,
159,"Durin Berry",8,20,10,
160,"Belue Berry",8,20,10,
161,"Occa Berry",7,80,10,
162,"Passho Berry",7,80,10,
163,"Wacan Berry",7,80,10,
164,"Rindo Berry",7,80,10,
165,"Yache Berry",7,80,10,
166,"Chople Berry",7,80,10,
167,"Kebia Berry",7,80,10,
168,"Shuca Berry",7,80,10,
169,"Coba Berry",7,80,10,
170,"Payapa Berry",7,80,10,
171,"Tanga Berry",7,80,10,
172,"Charti Berry",7,80,10,
173,"Kasib Berry",7,80,10,
174,"Haban Berry",7,80,10,
175,"Colbur Berry",7,80,10,
176,"Babiri Berry",7,80,10,
177,"Chilan Berry",7,80,10,
178,"Liechi Berry",5,80,10,3
179,"Ganlon Berry",5,80,10,3
180,"Salac Berry",5,80,10,3
181,"Petaya Berry",5,80,10,3
182,"Apicot Berry",5,80,10,3
183,"Lansat Berry",5,80,10,3
184,"Starf Berry",5,80,10,3
185,"Enigma Berry",4,80,10,
186,"Micle Berry",5,80,10,3
187,"Custap Berry",5,80,10,
188,"Jaboca Berry",4,80,10,
189,"Rowap Berry",4,80,10,
190,"Bright Powder",12,4000,10,
191,"White Herb",12,4000,10,4
192,"Macho Brace",14,3000,60,
193,"Exp Share",16,0,,
194,"Quick Claw",12,4000,80,
195,"Soothe Bell",16,4000,10,
196,"Mental Herb",12,4000,10,4
197,"Choice Band",13,4000,10,
198,"Kings Rock",12,5000,30,7
199,"Silver Powder",19,1000,10,
200,"Amulet Coin",16,10000,30,
201,"Cleanse Tag",16,5000,30,
202,"Soul Dew",18,0,30,
203,"Deep Sea Tooth",18,2000,90,
204,"Deep Sea Scale",18,2000,30,
205,"Smoke Ball",12,4000,30,
206,Everstone,16,3000,30,
207,"Focus Band",12,4000,10,
208,"Lucky Egg",16,10000,30,
209,"Scope Lens",12,4000,30,
210,"Metal Coat",19,2000,30,
211,Leftovers,12,4000,10,
212,"Dragon Scale",10,2000,30,
213,"Light Ball",18,1000,30,5
214,"Soft Sand",19,1000,10,
215,"Hard Stone",19,1000,100,
216,"Miracle Seed",19,1000,30,
217,"Black Glasses",19,1000,30,
218,"Black Belt",19,1000,30,
219,Magnet,19,1000,30,
220,"Mystic Water",19,1000,30,
221,"Sharp Beak",19,1000,50,
222,"Poison Barb",19,1000,70,6
223,"Never Melt Ice",19,1000,30,
224,"Spell Tag",19,1000,30,
225,"Twisted Spoon",19,1000,30,
226,Charcoal,19,1000,30,
227,"Dragon Fang",19,1000,70,
228,"Silk Scarf",19,1000,10,
229,"Up Grade",10,2000,30,
230,"Shell Bell",12,4000,30,
231,"Sea Incense",19,2000,10,
232,"Lax Incense",12,5000,10,
233,"Lucky Punch",18,1000,40,
234,"Metal Powder",18,1000,10,
235,"Thick Club",18,1000,90,
236,Stick,18,1000,60,
237,"Red Scarf",36,100,10,
238,"Blue Scarf",36,100,10,
239,"Pink Scarf",36,100,10,
240,"Green Scarf",36,100,10,
241,"Yellow Scarf",36,100,10,
242,"Wide Lens",12,4000,10,
243,"Muscle Band",12,4000,10,
244,"Wise Glasses",12,4000,10,
245,"Expert Belt",12,4000,10,
246,"Light Clay",12,4000,30,
247,"Life Orb",12,4000,30,
248,"Power Herb",12,4000,10,
249,"Toxic Orb",15,4000,30,1
250,"Flame Orb",15,4000,30,2
251,"Quick Powder",18,1000,10,
252,"Focus Sash",12,4000,10,
253,"Zoom Lens",12,4000,10,
254,Metronome,12,4000,30,
255,"Iron Ball",15,4000,130,
256,"Lagging Tail",15,4000,10,
257,"Destiny Knot",12,4000,10,
258,"Black Sludge",12,4000,30,
259,"Icy Rock",12,4000,40,
260,"Smooth Rock",12,4000,10,
261,"Heat Rock",12,4000,60,
262,"Damp Rock",12,4000,60,
263,"Grip Claw",12,4000,90,
264,"Choice Scarf",13,4000,10,
265,"Sticky Barb",15,4000,80,
266,"Power Bracer",14,3000,70,
267,"Power Belt",14,3000,70,
268,"Power Lens",14,3000,70,
269,"Power Band",14,3000,70,
270,"Power Anklet",14,3000,70,
271,"Power Weight",14,3000,70,
272,"Shed Shell",12,4000,10,
273,"Big Root",12,4000,10,
274,"Choice Specs",13,4000,10,
275,"Flame Plate",17,1000,90,
276,"Splash Plate",17,1000,90,
277,"Zap Plate",17,1000,90,
278,"Meadow Plate",17,1000,90,
279,"Icicle Plate",17,1000,90,
280,"Fist Plate",17,1000,90,
281,"Toxic Plate",17,1000,90,
282,"Earth Plate",17,1000,90,
283,"Sky Plate",17,1000,90,
284,"Mind Plate",17,1000,90,
285,"Insect Plate",17,1000,90,
286,"Stone Plate",17,1000,90,
287,"Spooky Plate",17,1000,90,
288,"Draco Plate",17,1000,90,
289,"Dread Plate",17,1000,90,
290,"Iron Plate",17,1000,90,
291,"Odd Incense",19,2000,10,
292,"Rock Incense",19,2000,10,
293,"Full Incense",15,5000,10,
294,"Wave Incense",19,2000,10,
295,"Rose Incense",19,2000,10,
296,"Luck Incense",16,11000,10,
297,"Pure Incense",16,6000,10,
298,Protector,10,2000,80,
299,Electirizer,10,2000,80,
300,Magmarizer,10,2000,80,
301,"Dubious Disc",10,2000,50,
302,"Reaper Cloth",10,2000,10,
303,"Razor Claw",12,5000,80,
304,"Razor Fang",12,5000,30,7
305,Tm01,37,40000,,
306,Tm02,37,1000,,
307,Tm03,37,50000,,
308,Tm04,37,50000,,
309,Tm05,37,50000,,
310,Tm06,37,1000,,
311,Tm07,37,1000,,
312,Tm08,37,50000,,
313,Tm09,37,50000,,
314,Tm10,37,1000,,
315,Tm11,37,1000,,
316,Tm12,37,50000,,
317,Tm13,37,10000,,
318,Tm14,37,1000,,
319,Tm15,37,1000,,
320,Tm16,37,1000,,
321,Tm17,37,10000,,
322,Tm18,37,10000,,
323,Tm19,37,10000,,
324,Tm20,37,100000,,
325,Tm21,37,1000,,
326,Tm22,37,1000,,
327,Tm23,37,10000,,
328,Tm24,37,1000,,
329,Tm25,37,10000,,
330,Tm26,37,1000,,
331,Tm27,37,1000,,
332,Tm28,37,100000,,
333,Tm29,37,1000,,
334,Tm30,37,1000,,
335,Tm31,37,1000,,
336,Tm32,37,10000,,
337,Tm33,37,10000,,
338,Tm34,37,10000,,
339,Tm35,37,10000,,
340,Tm36,37,1000,,
341,Tm37,37,1000,,
342,Tm38,37,1000,,
343,Tm39,37,1000,,
344,Tm40,37,1000,,
345,Tm41,37,10000,,
346,Tm42,37,1000,,
347,Tm43,37,1000,,
348,Tm44,37,100000,,
349,Tm45,37,1000,,
350,Tm46,37,30000,,
351,Tm47,37,1000,,
352,Tm48,37,1000,,
353,Tm49,37,1000,,
354,Tm50,37,10000,,
355,Tm51,37,1000,,
356,Tm52,37,100000,,
357,Tm53,37,1000,,
358,Tm54,37,1000,,
359,Tm55,37,10000,,
360,Tm56,37,1000,,
361,Tm57,37,1000,,
362,Tm58,37,1000,,
363,Tm59,37,100000,,
364,Tm60,37,30000,,
365,Tm61,37,30000,,
366,Tm62,37,30000,,
367,Tm63,37,50000,,
368,Tm64,37,1000,,
369,Tm65,37,1000,,
370,Tm66,37,30000,,
371,Tm67,37,30000,,
372,Tm68,37,30000,,
373,Tm69,37,1000,,
374,Tm70,37,50000,,
375,Tm71,37,50000,,
376,Tm72,37,50000,,
377,Tm73,37,1000,,
378,Tm74,37,1000,,
379,Tm75,37,1000,,
380,Tm76,37,10000,,
381,Tm77,37,1000,,
382,Tm78,37,1000,,
383,Tm79,37,1000,,
384,Tm80,37,1000,,
385,Tm81,37,1000,,
386,Tm82,37,1000,,
387,Tm83,37,100000,,
388,Tm84,37,1000,,
389,Tm85,37,1000,,
390,Tm86,37,1000,,
391,Tm87,37,1000,,
392,Tm88,37,20000,,
393,Tm89,37,20000,,
394,Tm90,37,20000,,
395,Tm91,37,20000,,
396,Tm92,37,100000,,
397,Hm01,37,0,,
398,Hm02,37,0,,
399,Hm03,37,0,,
400,Hm04,37,0,,
401,Hm05,37,0,,
402,Hm06,37,0,,
403,Hm07,37,0,,
404,Hm08,37,0,,
405,"Explorer Kit",21,0,,
406,"Loot Sack",23,0,,
407,"Rule Book",23,0,,
408,"Poke Radar",21,0,,
409,"Point Card",21,0,,
410,Journal,21,0,,
411,"Seal Case",21,0,,
412,"Fashion Case",21,0,,
413,"Seal Bag",23,0,,
414,"Pal Pad",21,0,,
415,"Works Key",22,0,,
416,"Old Charm",22,0,,
417,"Galactic Key",22,0,,
418,"Red Chain",23,0,,
419,"Town Map",21,0,,
420,"Vs Seeker",21,0,,
421,"Coin Case",21,0,,
422,"Old Rod",21,0,,
423,"Good Rod",21,0,,
424,"Super Rod",21,0,,
425,Sprayduck,21,0,,
426,"Poffin Case",21,0,,
427,Bicycle,21,0,,
428,"Suite Key",20,0,,
429,"Oaks Letter",20,0,,
430,"Lunar Wing",20,0,,
431,"Member Card",20,0,,
432,"Azure Flute",20,0,,
433,"Ss Ticket",22,0,,
434,"Contest Pass",21,0,,
435,"Magma Stone",22,0,,
436,Parcel,22,0,,
437,"Coupon 1",22,0,,
438,"Coupon 2",22,0,,
439,"Coupon 3",22,0,,
440,"Storage Key",22,0,,
441,"Secret Potion",22,0,,
442,"Griseous Orb",18,0,60,
443,"Vs Recorder",21,0,,
444,Gracidea,20,0,,
445,"Secret Key",20,0,,
446,"Apricorn Box",21,0,,
447,"Berry Pots",21,0,,
448,"Squirt Bottle",22,0,,
449,"Lure Ball",39,0,,
450,"Level Ball",39,0,,
451,"Moon Ball",39,0,,
452,"Heavy Ball",39,0,,
453,"Fast Ball",39,0,,
454,"Friend Ball",39,0,,
455,"Love Ball",39,0,,
456,"Park Ball",34,0,,
457,"Sport Ball",34,300,,
458,"Red Apricorn",40,200,10,
459,"Blue Apricorn",40,200,10,
460,"Yellow Apricorn",40,200,10,
461,"Green Apricorn",40,200,10,
462,"Pink Apricorn",40,200,10,
463,"White Apricorn",40,200,10,
464,"Black Apricorn",40,200,10,
465,"Dowsing Machine",21,0,,
466,"Rage Candy Bar",21,350,30,
467,"Red Orb",22,0,,
468,"Blue Orb",22,0,,
469,"Jade Orb",22,0,,
470,"Enigma Stone",20,0,,
471,"Unown Report",21,0,,
472,"Blue Card",21,0,,
473,"Slowpoke Tail",23,0,,
474,"Clear Bell",22,0,,
475,"Card Key",22,0,,
476,"Basement Key",22,0,,
477,"Red Scale",22,0,,
478,"Lost Item",22,0,,
479,Pass,22,0,,
480,"Machine Part",22,0,,
481,"Silver Wing",22,0,,
482,"Rainbow Wing",22,0,,
483,"Mystery Egg",22,0,,
484,"Gb Sounds",21,0,,
485,"Tidal Bell",22,0,,
486,"Data Card 01",41,0,,
487,"Data Card 02",41,0,,
488,"Data Card 03",41,0,,
489,"Data Card 04",41,0,,
490,"Data Card 05",41,0,,
491,"Data Card 06",41,0,,
492,"Data Card 07",41,0,,
493,"Data Card 08",41,0,,
494,"Data Card 09",41,0,,
495,"Data Card 10",41,0,,
496,"Data Card 11",41,0,,
497,"Data Card 12",41,0,,
498,"Data Card 13",41,0,,
499,"Data Card 14",41,0,,
500,"Data Card 15",41,0,,
501,"Data Card 16",41,0,,
502,"Data Card 17",41,0,,
503,"Data Card 18",41,0,,
504,"Data Card 19",41,0,,
505,"Data Card 20",41,0,,
506,"Data Card 21",41,0,,
507,"Data Card 22",41,0,,
508,"Data Card 23",41,0,,
509,"Data Card 24",41,0,,
510,"Data Card 25",41,0,,
511,"Data Card 26",41,0,,
512,"Data Card 27",41,0,,
513,"Lock Capsule",23,0,,
514,"Photo Album",23,0,,
515,"Orange Mail",25,50,,
516,"Harbor Mail",25,50,,
517,"Glitter Mail",25,50,,
518,"Mech Mail",25,50,,
519,"Wood Mail",25,50,,
520,"Wave Mail",25,50,,
521,"Bead Mail",25,50,,
522,"Shadow Mail",25,50,,
523,"Tropic Mail",25,50,,
524,"Dream Mail",25,50,,
525,"Fab Mail",25,50,,
526,"Retro Mail",25,0,,
527,"Mach Bike",21,0,,
528,"Acro Bike",21,0,,
529,"Wailmer Pail",21,0,,
530,"Devon Goods",22,0,,
531,"Soot Sack",21,0,,
532,"Pokeblock Case",21,0,,
533,Letter,22,0,,
534,"Eon Ticket",20,0,,
535,Scanner,22,0,,
536,"Go Goggles",21,0,,
537,Meteorite,22,0,,
538,"Rm 1 Key",22,0,,
539,"Rm 2 Key",22,0,,
540,"Rm 4 Key",22,0,,
541,"Rm 6 Key",22,0,,
542,"Devon Scope",21,0,,
543,"Oaks Parcel",22,0,,
544,"Poke Flute",22,0,,
545,"Bike Voucher",22,0,,
546,"Gold Teeth",22,0,,
547,"Lift Key",22,0,,
548,"Silph Scope",22,0,,
549,"Fame Checker",21,0,,
550,"Tm Case",21,0,,
551,"Berry Pouch",21,0,,
552,"Teachy Tv",21,0,,
553,"Tri Pass",22,0,,
554,"Rainbow Pass",22,0,,
555,Tea,22,0,,
556,Mysticticket,20,0,,
557,Auroraticket,20,0,,
558,"Powder Jar",21,0,,
559,Ruby,22,0,,
560,Sapphire,22,0,,
561,"Magma Emblem",22,0,,
562,"Old Sea Map",20,0,,
563,"Douse Drive",18,0,70,
564,"Shock Drive",18,0,70,
565,"Burn Drive",18,0,70,
566,"Chill Drive",18,0,70,
567,"Sweet Heart",27,3000,30,
568,"Greet Mail",25,50,,
569,"Favored Mail",25,50,,
570,"Rsvp Mail",25,50,,
571,"Thanks Mail",25,50,,
572,"Inquiry Mail",25,50,,
573,"Like Mail",25,50,,
574,"Reply Mail",25,50,,
575,"Bridge Mail S",25,50,,
576,"Bridge Mail D",25,50,,
577,"Bridge Mail T",25,50,,
578,"Bridge Mail V",25,50,,
579,"Bridge Mail M",25,50,,
580,"Prism Scale",10,2000,30,
581,Eviolite,12,4000,40,
582,"Float Stone",12,4000,30,
583,"Rocky Helmet",12,4000,60,
584,"Air Balloon",12,4000,10,
585,"Red Card",12,4000,10,
586,"Ring Target",12,4000,10,
587,"Binding Band",12,4000,30,
588,"Absorb Bulb",12,4000,30,
589,"Cell Battery",12,4000,30,
590,"Eject Button",12,4000,30,
591,"Fire Gem",42,200,,
592,"Water Gem",42,200,,
593,"Electric Gem",42,200,,
594,"Grass Gem",42,200,,
595,"Ice Gem",42,200,,
596,"Fighting Gem",42,200,,
597,"Poison Gem",42,200,,
598,"Ground Gem",42,200,,
599,"Flying Gem",42,200,,
600,"Psychic Gem",42,200,,
601,"Bug Gem",42,200,,
602,"Rock Gem",42,200,,
603,"Ghost Gem",42,200,,
604,"Dark Gem",42,200,,
605,"Steel Gem",42,200,,
606,"Health Wing",26,300,20,
607,"Muscle Wing",26,300,20,
608,"Resist Wing",26,300,20,
609,"Genius Wing",26,300,20,
610,"Clever Wing",26,300,20,
611,"Swift Wing",26,300,20,
612,"Pretty Wing",24,1000,20,
613,"Cover Fossil",35,7000,100,
614,"Plume Fossil",35,7000,100,
615,"Liberty Pass",20,0,,
616,"Pass Orb",12,200,30,
617,"Dream Ball",33,0,,
618,"Poke Toy",11,100,30,
619,"Prop Case",21,0,,
620,"Dragon Skull",22,0,,
621,"Balm Mushroom",24,15000,30,
622,"Big Nugget",24,40000,130,
623,"Pearl String",24,20000,30,
624,"Comet Shard",24,25000,30,
625,"Relic Copper",24,0,30,
626,"Relic Silver",24,0,30,
627,"Relic Gold",24,60000,30,
628,"Relic Vase",24,0,30,
629,"Relic Band",24,0,30,
630,"Relic Statue",24,0,30,
631,"Relic Crown",24,0,30,
632,Casteliacone,30,350,30,
633,"Dire Hit 2",43,0,,
634,"X Speed 2",43,0,,
635,"X Sp Atk 2",43,0,,
636,"X Sp Def 2",43,0,,
637,"X Defense 2",43,0,,
638,"X Attack 2",43,0,,
639,"X Accuracy 2",43,0,,
640,"X Speed 3",43,0,,
641,"X Sp Atk 3",43,0,,
642,"X Sp Def 3",43,0,,
643,"X Defense 3",43,0,,
644,"X Attack 3",43,0,,
645,"X Accuracy 3",43,0,,
646,"X Speed 6",43,0,,
647,"X Sp Atk 6",43,0,,
648,"X Sp Def 6",43,0,,
649,"X Defense 6",43,0,,
650,"X Attack 6",43,0,,
651,"X Accuracy 6",43,0,,
652,"Ability Urge",43,0,,
653,"Item Drop",43,0,,
654,"Item Urge",43,0,,
655,"Reset Urge",43,0,,
656,"Dire Hit 3",43,0,,
657,"Light Stone",22,0,,
658,"Dark Stone",22,0,,
659,Tm93,37,1000,,
660,Tm94,37,10000,,
661,Tm95,37,1000,,
662,Xtransceiver,21,0,,
663,"God Stone",23,0,,
664,"Gram 1",22,0,,
665,"Gram 2",22,0,,
666,"Gram 3",22,0,,
668,"Dragon Gem",42,200,,
669,"Normal Gem",42,4000,,
670,"Medal Box",21,0,,
671,"Dna Splicers",21,0,,
673,Permit,21,0,,
674,"Oval Charm",21,0,,
675,"Shiny Charm",21,0,,
676,"Plasma Card",22,0,,
677,"Grubby Hanky",22,0,,
678,"Colress Machine",22,0,,
679,"Dropped Item",22,0,,
681,"Reveal Glass",21,0,,
682,"Weakness Policy",12,1000,80,
683,"Assault Vest",12,1000,80,
684,"Pixie Plate",17,1000,90,
685,"Ability Capsule",26,10000,,
686,"Whipped Dream",10,2000,80,
687,Sachet,10,2000,80,
688,"Luminous Moss",12,4000,30,
689,Snowball,12,4000,30,
690,"Safety Goggles",12,4000,80,
691,"Rich Mulch",32,200,30,
692,"Surprise Mulch",32,200,30,
693,"Boost Mulch",32,200,30,
694,"Amaze Mulch",32,200,30,
695,Gengarite,44,0,80,
696,Gardevoirite,44,0,80,
697,Ampharosite,44,0,80,
698,Venusaurite,44,0,80,
699,"Charizardite X",44,0,80,
700,Blastoisinite,44,0,80,
701,"Mewtwonite X",44,0,80,
702,"Mewtwonite Y",44,0,80,
703,Blazikenite,44,0,80,
704,Medichamite,44,0,80,
705,Houndoominite,44,0,80,
706,Aggronite,44,0,80,
707,Banettite,44,0,80,
708,Tyranitarite,44,0,80,
709,Scizorite,44,0,80,
710,Pinsirite,44,0,80,
711,Aerodactylite,44,0,80,
712,Lucarionite,44,0,80,
713,Abomasite,44,0,80,
714,Kangaskhanite,44,0,80,
715,Gyaradosite,44,0,80,
716,Absolite,44,0,80,
717,"Charizardite Y",44,0,80,
718,Alakazite,44,0,80,
719,Heracronite,44,0,80,
720,Mawilite,44,0,80,
721,Manectite,44,0,80,
722,Garchompite,44,0,80,
723,"Roseli Berry",7,80,10,
724,"Kee Berry",4,80,10,3
725,"Maranga Berry",4,80,10,3
726,"Discount Coupon",24,20,10,
727,"Strange Souvenir",24,3000,30,
728,"Lumiose Galette",30,350,30,
729,"Jaw Fossil",35,7000,100,
730,"Sail Fossil",35,7000,100,
731,"Fairy Gem",42,200,,
732,"Adventure Rules",21,0,,
733,"Elevator Key",22,0,,
734,"Holo Caster",21,0,,
735,"Honor Of Kalos",22,0,,
736,"Intriguing Stone",22,0,,
737,"Lens Case",21,0,,
738,"Looker Ticket",22,0,,
739,"Mega Ring",21,0,,
740,"Power Plant Pass",22,0,,
741,"Profs Letter",22,0,,
742,"Roller Skates",21,0,,
743,Sprinklotad,21,0,,
744,"Tmv Pass",21,0,,
745,Tm96,37,1000,,
746,Tm97,37,1000,,
747,Tm98,37,1000,,
748,Tm99,37,1000,,
749,Tm100,37,5000,,
760,Latiasite,44,0,80,
761,Latiosite,44,0,80,
762,"Common Stone",23,0,,
763,"Makeup Bag",21,0,,
764,"Travel Trunk",23,0,,
765,"Shalour Sable",30,350,30,
768,"Mega Charm",23,0,,
769,"Mega Glove",23,0,,
770,"Devon Parts",22,0,,
772,"Pokeblock Kit",21,0,,
773,"Key To Room 1",22,0,,
774,"Key To Room 2",22,0,,
775,"Key To Room 4",22,0,,
776,"Key To Room 6",22,0,,
779,"Devon Scuba Gear",22,0,,
780,"Contest Costume  Jacket",21,0,,
782,"Magma Suit",22,0,,
783,"Aqua Suit",22,0,,
784,"Pair Of Tickets",22,0,,
785,"Mega Bracelet",21,0,,
786,"Mega Pendant",23,0,,
787,"Mega Glasses",23,0,,
788,"Mega Anchor",23,0,,
789,"Mega Stickpin",23,0,,
790,"Mega Tiara",23,0,,
791,"Mega Anklet",23,0,,
793,Swampertite,44,0,80,
794,Sceptilite,44,0,80,
795,Sablenite,44,0,80,
796,Altarianite,44,0,80,
797,Galladite,44,0,80,
798,Audinite,44,0,80,
799,Metagrossite,44,0,80,
800,Sharpedonite,44,0,80,
801,Slowbronite,44,0,80,
802,Steelixite,44,0,80,
803,Pidgeotite,44,0,80,
804,Glalitite,44,0,80,
805,Diancite,44,0,80,
806,"Prison Bottle",21,0,,
807,"Mega Cuff",23,0,,
808,Cameruptite,44,0,80,
809,Lopunnite,44,0,80,
810,Salamencite,44,0,80,
811,Beedrillite,44,0,80,
814,"Key Stone",21,0,,
815,"Meteorite Shard",22,0,,
816,"Eon Flute",21,0,,
817,"Normalium Z  Held",46,0,,
818,"Firium Z  Held",46,0,,
819,"Waterium Z  Held",46,0,,
820,"Electrium Z  Held",46,0,,
821,"Grassium Z  Held",46,0,,
822,"Icium Z  Held",46,0,,
823,"Fightinium Z  Held",46,0,,
824,"Poisonium Z  Held",46,0,,
825,"Groundium Z  Held",46,0,,
826,"Flyinium Z  Held",46,0,,
827,"Psychium Z  Held",46,0,,
828,"Buginium Z  Held",46,0,,
829,"Rockium Z  Held",46,0,,
830,"Ghostium Z  Held",46,0,,
831,"Dragonium Z  Held",46,0,,
832,"Darkinium Z  Held",46,0,,
833,"Steelium Z  Held",46,0,,
834,"Fairium Z  Held",46,0,,
835,"Pikanium Z  Held",46,0,,
836,"Bottle Cap",24,5000,30,
837,"Gold Bottle Cap",24,10000,30,
838,"Z Ring",21,0,,
839,"Decidium Z  Held",46,0,,
840,"Incinium Z  Held",46,0,,
841,"Primarium Z  Held",46,0,,
842,"Tapunium Z  Held",46,0,,
843,"Marshadium Z  Held",46,0,,
844,"Aloraichium Z  Held",46,0,,
845,"Snorlium Z  Held",46,0,,
846,"Eevium Z  Held",46,0,,
847,"Mewnium Z  Held",46,0,,
877,"Pikashunium Z  Held",46,0,,
878,"Forage Bag",21,0,,
879,"Fishing Rod",21,0,,
880,"Professors Mask",22,0,,
881,"Festival Ticket",21,10,,
882,"Sparkling Stone",22,0,,
883,"Adrenaline Orb",12,4000,30,
884,"Zygarde Cube",21,0,,
885,"Ice Stone",10,3000,30,
886,"Ride Pager",23,0,,
887,"Beast Ball",33,0,,
888,"Big Malasada",30,350,30,
889,"Red Nectar",18,300,10,
890,"Yellow Nectar",18,300,10,
891,"Pink Nectar",18,300,10,
892,"Purple Nectar",18,300,10,
893,"Sun Flute",22,0,,
894,"Moon Flute",22,0,,
895,"Enigmatic Card",22,0,,
896,"Terrain Extender",12,4000,60,
897,"Protective Pads",12,4000,30,
898,"Electric Seed",12,4000,10,
899,"Psychic Seed",12,4000,10,
900,"Misty Seed",12,4000,10,
901,"Grassy Seed",12,4000,10,
902,"Fighting Memory",45,1000,50,
903,"Flying Memory",45,1000,50,
904,"Poison Memory",45,1000,50,
905,"Ground Memory",45,1000,50,
906,"Rock Memory",45,1000,50,
907,"Bug Memory",45,1000,50,
908,"Ghost Memory",45,1000,50,
909,"Steel Memory",45,1000,50,
910,"Fire Memory",45,1000,50,
911,"Water Memory",45,1000,50,
912,"Grass Memory",45,1000,50,
913,"Electric Memory",45,1000,50,
914,"Psychic Memory",45,1000,50,
915,"Ice Memory",45,1000,50,
916,"Dragon Memory",45,1000,50,
917,"Dark Memory",45,1000,50,
918,"Fairy Memory",45,1000,50,
919,"Bike  Green",23,0,,
920,"Storage Key  Galactic Warehouse",23,0,,
921,"Basement Key  Goldenrod",23,0,,
922,"Xtransceiver  Red",23,0,,
923,"Xtransceiver  Yellow",23,0,,
924,"Dna Splicers  Merge",23,0,,
925,"Dna Splicers  Split",23,0,,
926,"Dropped Item  Red",23,0,,
927,"Dropped Item  Yellow",23,0,,
928,"Holo Caster  Green",23,0,,
929,"Bike  Yellow",23,0,,
930,"Holo Caster  Red",23,0,,
931,"Basement Key  New Mauville",23,0,,
932,"Storage Key  Sea Mauville",23,0,,
933,"Ss Ticket  Hoenn",23,0,,
934,"Contest Costume  Dress",23,0,,
935,"Meteorite  2",23,0,,
936,"Meteorite  3",23,0,,
937,"Meteorite  4",23,0,,
938,"Normalium Z  Bag",23,0,,
939,"Firium Z  Bag",23,0,,
940,"Waterium Z  Bag",23,0,,
941,"Electrium Z  Bag",23,0,,
942,"Grassium Z  Bag",23,0,,
943,"Icium Z  Bag",23,0,,
944,"Fightinium Z  Bag",23,0,,
945,"Poisonium Z  Bag",23,0,,
946,"Groundium Z  Bag",23,0,,
947,"Flyinium Z  Bag",23,0,,
948,"Psychium Z  Bag",23,0,,
949,"Buginium Z  Bag",23,0,,
950,"Rockium Z  Bag",23,0,,
951,"Ghostium Z  Bag",23,0,,
952,"Dragonium Z  Bag",23,0,,
953,"Darkinium Z  Bag",23,0,,
954,"Steelium Z  Bag",23,0,,
955,"Fairium Z  Bag",23,0,,
956,"Pikanium Z  Bag",23,0,,
957,"Decidium Z  Bag",23,0,,
958,"Incinium Z  Bag",23,0,,
959,"Primarium Z  Bag",23,0,,
960,"Tapunium Z  Bag",23,0,,
961,"Marshadium Z  Bag",23,0,,
962,"Aloraichium Z  Bag",23,0,,
963,"Snorlium Z  Bag",23,0,,
964,"Eevium Z  Bag",23,0,,
965,"Mewnium Z  Bag",23,0,,
966,"Pikashunium Z  Bag",23,0,,
967,"Solganium Z  Held",23,0,,
968,"Lunalium Z  Held",23,0,,
969,"Ultranecrozium Z  Held",23,0,,
970,"Mimikium Z  Held",23,0,,
971,"Lycanium Z  Held",23,0,,
972,"Kommonium Z  Held",23,0,,
973,"Solganium Z  Bag",23,0,,
974,"Lunalium Z  Bag",23,0,,
975,"Ultranecrozium Z  Bag",23,0,,
976,"Mimikium Z  Bag",23,0,,
977,"Lycanium Z  Bag",23,0,,
978,"Kommonium Z  Bag",23,0,,
979,"Z Power Ring",23,0,,
980,"Pink Petal",23,0,,
981,"Orange Petal",23,0,,
982,"Blue Petal",23,0,,
983,"Red Petal",23,0,,
984,"Green Petal",23,0,,
985,"Yellow Petal",23,0,,
986,"Purple Petal",23,0,,
987,"Rainbow Flower",23,0,,
988,"Surge Badge",23,0,,
989,"N Solarizer  Merge",23,0,,
990,"N Lunarizer  Merge",23,0,,
991,"N Solarizer  Split",23,0,,
992,"N Lunarizer  Split",23,0,,
993,"Ilimas Normalium Z",23,0,,
994,"Left Poke Ball",23,0,,
995,"Roto Hatch",23,0,,
996,"Roto Bargain",23,0,,
997,"Roto Prize Money",23,0,,
998,"Roto Exp Points",23,0,,
999,"Roto Friendship",23,0,,
1000,"Roto Encounter",23,0,,
1001,"Roto Stealth",23,0,,
1002,"Roto Hp Restore",23,0,,
1003,"Roto Pp Restore",23,0,,
1004,"Roto Boost",23,0,,
1005,"Roto Catch",23,0,,
1006,Autograph,23,0,,
1007,"Pokemon Box",23,0,,
1008,"Medicine Pocket",23,0,,
1009,"Candy Jar",23,0,,
1010,"Power Up Pocket",23,0,,
1011,"Clothing Trunk",23,0,,
1012,"Catching Pocket",23,0,,
1013,"Battle Pocket",23,0,,
1014,"Silver Razz Berry",48,1000,10,
1015,"Golden Razz Berry",48,5000,10,
1016,"Silver Nanab Berry",48,1000,10,
1017,"Golden Nanab Berry",48,5000,10,
1018,"Silver Pinap Berry",48,1000,10,
1019,"Golden Pinap Berry",48,5000,10,
1020,"Secret Key  Letsgo",22,0,,
1021,"Ss Ticket  Letsgo",22,0,,
1022,"Parcel  Letsgo",22,0,,
1023,"Card Key  Letsgo",22,0,,
1024,"Stretchy Spring",24,20,30,
1025,"Chalky Stone",24,60,30,
1026,Marble,24,300,30,
1027,"Lone Earring",24,600,30,
1028,"Beach Glass",24,800,30,
1029,"Gold Leaf",24,1000,30,
1030,"Silver Leaf",24,1000,30,
1031,"Polished Mud Ball",24,1200,30,
1032,"Tropical Shell",24,2000,30,
1033,"Leaf Letter  Pikachu",24,0,30,
1034,"Leaf Letter  Eevee",24,0,30,
1035,"Small Bouquet",24,0,30,
1036,Lure,11,400,30,
1037,"Super Lure",11,700,30,
1038,"Max Lure",11,900,30,
1039,"Pewter Crunchies",30,250,30,
1040,"Health Candy",26,20,,
1041,"Mighty Candy",26,20,,
1042,"Tough Candy",26,20,,
1043,"Smart Candy",26,20,,
1044,"Courage Candy",26,20,,
1045,"Quick Candy",26,20,,
1046,"Health Candy L",26,20,,
1047,"Mighty Candy L",26,20,,
1048,"Tough Candy L",26,20,,
1049,"Smart Candy L",26,20,,
1050,"Courage Candy L",26,20,,
1051,"Quick Candy L",26,20,,
1052,"Health Candy Xl",26,20,,
1053,"Mighty Candy Xl",26,20,,
1054,"Tough Candy Xl",26,20,,
1055,"Smart Candy Xl",26,20,,
1056,"Courage Candy Xl",26,20,,
1057,"Quick Candy Xl",26,20,,
1058,"Bulbasaur Candy",47,20,,
1059,"Charmander Candy",47,20,,
1060,"Squirtle Candy",47,20,,
1061,"Caterpie Candy",47,20,,
1062,"Weedle Candy",47,20,,
1063,"Pidgey Candy",47,20,,
1064,"Rattata Candy",47,20,,
1065,"Spearow Candy",47,20,,
1066,"Ekans Candy",47,20,,
1067,"Pikachu Candy",47,20,,
1068,"Sandshrew Candy",47,20,,
1069,"Nidoran F Candy",47,20,,
1070,"Nidoran M Candy",47,20,,
1071,"Clefairy Candy",47,20,,
1072,"Vulpix Candy",47,20,,
1073,"Jigglypuff Candy",47,20,,
1074,"Zubat Candy",47,20,,
1075,"Oddish Candy",47,20,,
1076,"Paras Candy",47,20,,
1077,"Venonat Candy",47,20,,
1078,"Diglett Candy",47,20,,
1079,"Meowth Candy",47,20,,
1080,"Psyduck Candy",47,20,,
1081,"Mankey Candy",47,20,,
1082,"Growlithe Candy",47,20,,
1083,"Poliwag Candy",47,20,,
1084,"Abra Candy",47,20,,
1085,"Machop Candy",47,20,,
1086,"Bellsprout Candy",47,20,,
1087,"Tentacool Candy",47,20,,
1088,"Geodude Candy",47,20,,
1089,"Ponyta Candy",47,20,,
1090,"Slowpoke Candy",47,20,,
1091,"Magnemite Candy",47,20,,
1092,"Farfetchd Candy",47,20,,
1093,"Doduo Candy",47,20,,
1094,"Seel Candy",47,20,,
1095,"Grimer Candy",47,20,,
1096,"Shellder Candy",47,20,,
1097,"Gastly Candy",47,20,,
1098,"Onix Candy",47,20,,
1099,"Drowzee Candy",47,20,,
1100,"Krabby Candy",47,20,,
1101,"Voltorb Candy",47,20,,
1102,"Exeggcute Candy",47,20,,
1103,"Cubone Candy",47,20,,
1104,"Hitmonlee Candy",47,20,,
1105,"Hitmonchan Candy",47,20,,
1106,"Lickitung Candy",47,20,,
1107,"Koffing Candy",47,20,,
1108,"Rhyhorn Candy",47,20,,
1109,"Chansey Candy",47,20,,
1110,"Tangela Candy",47,20,,
1111,"Kangaskhan Candy",47,20,,
1112,"Horsea Candy",47,20,,
1113,"Goldeen Candy",47,20,,
1114,"Staryu Candy",47,20,,
1115,"Mr Mime Candy",47,20,,
1116,"Scyther Candy",47,20,,
1117,"Jynx Candy",47,20,,
1118,"Electabuzz Candy",47,20,,
1119,"Pinsir Candy",47,20,,
1120,"Tauros Candy",47,20,,
1121,"Magikarp Candy",47,20,,
1122,"Lapras Candy",47,20,,
1123,"Ditto Candy",47,20,,
1124,"Eevee Candy",47,20,,
1125,"Porygon Candy",47,20,,
1126,"Omanyte Candy",47,20,,
1127,"Kabuto Candy",47,20,,
1128,"Aerodactyl Candy",47,20,,
1129,"Snorlax Candy",47,20,,
1130,"Articuno Candy",47,20,,
1131,"Zapdos Candy",47,20,,
1132,"Moltres Candy",47,20,,
1133,"Dratini Candy",47,20,,
1134,"Mewtwo Candy",47,20,,
1135,"Mew Candy",47,20,,
1136,"Meltan Candy",47,20,,
1137,"Magmar Candy",47,20,,
1138,Endorsement,22,0,,
1139,"Pokemon Box Link",21,0,,
1140,"Wishing Star",22,0,,
1141,"Dynamax Band",22,0,,
1142,"Fishing Rod  Galar",21,0,,
1143,"Rotom Bike",21,0,,
1144,Sausages,51,400,10,
1145,"Bobs Food Tin",51,950,80,
1146,"Bachs Food Tin",51,950,80,
1147,"Tin Of Beans",51,400,80,
1148,Bread,51,150,10,
1149,Pasta,51,150,10,
1150,"Mixed Mushrooms",51,400,10,
1151,"Smoke Poke Tail",51,2200,10,
1152,"Large Leek",51,2200,20,
1153,"Fancy Apple",51,2200,20,
1154,"Brittle Bones",51,950,30,
1155,"Pack Of Potatoes",51,400,10,
1156,"Pungent Root",51,950,10,
1157,"Salad Mix",51,400,10,
1158,"Fried Food",51,150,10,
1159,"Boiled Egg",51,2200,20,
1160,"Camping Gear",21,0,,
1161,"Rusted Sword",18,0,,
1162,"Rusted Shield",18,0,,
1163,"Fossilized Bird",35,5000,100,
1164,"Fossilized Fish",35,5000,100,
1165,"Fossilized Drake",35,5000,100,
1166,"Fossilized Dino",35,5000,100,
1167,"Strawberry Sweet",10,500,10,
1168,"Love Sweet",10,500,10,
1169,"Berry Sweet",10,500,10,
1170,"Clover Sweet",10,500,10,
1171,"Flower Sweet",10,500,10,
1172,"Star Sweet",10,500,10,
1173,"Ribbon Sweet",10,500,10,
1174,"Sweet Apple",10,2200,30,
1175,"Tart Apple",10,2200,30,
1176,"Throat Spray",12,4000,30,
1177,"Eject Pack",12,4000,50,
1178,"Heavy Duty Boots",12,4000,80,
1179,"Blunder Policy",12,4000,80,
1180,"Room Service",12,4000,100,
1181,"Utility Umbrella",12,4000,60,
1182,"Exp Candy Xs",26,20,30,
1183,"Exp Candy S",26,240,30,
1184,"Exp Candy M",26,1000,30,
1185,"Exp Candy L",26,3000,30,
1186,"Exp Candy Xl",26,10000,30,
1187,"Dynamax Candy",26,0,30,
1188,Tr00,37,4000,10,
1189,Tr01,37,6000,85,
1190,Tr02,37,10000,90,
1191,Tr03,37,16000,110,
1192,Tr04,37,10000,90,
1193,Tr05,37,10000,90,
1194,Tr06,37,16000,110,
1195,Tr07,37,6000,10,
1196,Tr08,37,10000,90,
1197,Tr09,37,16000,110,
1198,Tr10,37,16000,100,
1199,Tr11,37,10000,90,
1200,Tr12,37,4000,10,
1201,Tr13,37,2000,10,
1202,Tr14,37,2000,10,
1203,Tr15,37,16000,110,
1204,Tr16,37,6000,80,
1205,Tr17,37,4000,10,
1206,Tr18,37,6000,80,
1207,Tr19,37,4000,80,
1208,Tr20,37,6000,10,
1209,Tr21,37,4000,10,
1210,Tr22,37,10000,90,
1211,Tr23,37,4000,10,
1212,Tr24,37,16000,120,
1213,Tr25,37,6000,80,
1214,Tr26,37,2000,10,
1215,Tr27,37,4000,10,
1216,Tr28,37,16000,120,
1217,Tr29,37,4000,10,
1218,Tr30,37,4000,10,
1219,Tr31,37,10000,100,
1220,Tr32,37,6000,80,
1221,Tr33,37,6000,80,
1222,Tr34,37,6000,120,
1223,Tr35,37,6000,90,
1224,Tr36,37,10000,95,
1225,Tr37,37,4000,10,
1226,Tr38,37,4000,10,
1227,Tr39,37,16000,120,
1228,Tr40,37,2000,10,
1229,Tr41,37,6000,85,
1230,Tr42,37,10000,90,
1231,Tr43,37,16000,130,
1232,Tr44,37,4000,10,
1233,Tr45,37,10000,90,
1234,Tr46,37,4000,10,
1235,Tr47,37,6000,80,
1236,Tr48,37,4000,10,
1237,Tr49,37,4000,10,
1238,Tr50,37,10000,90,
1239,Tr51,37,4000,10,
1240,Tr52,37,6000,10,
1241,Tr53,37,16000,120,
1242,Tr54,37,4000,10,
1243,Tr55,37,16000,120,
1244,Tr56,37,6000,80,
1245,Tr57,37,6000,80,
1246,Tr58,37,6000,80,
1247,Tr59,37,6000,80,
1248,Tr60,37,6000,80,
1249,Tr61,37,10000,90,
1250,Tr62,37,6000,85,
1251,Tr63,37,6000,80,
1252,Tr64,37,16000,120,
1253,Tr65,37,10000,90,
1254,Tr66,37,16000,120,
1255,Tr67,37,10000,90,
1256,Tr68,37,4000,10,
1257,Tr69,37,6000,80,
1258,Tr70,37,10000,80,
1259,Tr71,37,16000,130,
1260,Tr72,37,16000,120,
1261,Tr73,37,16000,120,
1262,Tr74,37,10000,80,
1263,Tr75,37,16000,100,
1264,Tr76,37,6000,10,
1265,Tr77,37,6000,10,
1266,Tr78,37,10000,95,
1267,Tr79,37,6000,10,
1268,Tr80,37,6000,10,
1269,Tr81,37,6000,95,
1270,Tr82,37,4000,20,
1271,Tr83,37,4000,10,
1272,Tr84,37,6000,80,
1273,Tr85,37,2000,10,
1274,Tr86,37,10000,90,
1275,Tr87,37,6000,80,
1276,Tr88,37,6000,10,
1277,Tr89,37,16000,110,
1278,Tr90,37,10000,90,
1279,Tr91,37,4000,10,
1280,Tr92,37,6000,80,
1281,Tr93,37,10000,85,
1282,Tr94,37,10000,95,
1283,Tr95,37,6000,80,
1284,Tr96,37,10000,90,
1285,Tr97,37,10000,85,
1286,Tr98,37,6000,85,
1287,Tr99,37,6000,80,
1288,Tm00,37,10000,,
1289,"Lonely Mint",50,20,10,
1290,"Adamant Mint",50,20,10,
1291,"Naughty Mint",50,20,10,
1292,"Brave Mint",50,20,10,
1293,"Bold Mint",50,20,10,
1294,"Impish Mint",50,20,10,
1295,"Lax Mint",50,20,10,
1296,"Relaxed Mint",50,20,10,
1297,"Modest Mint",50,20,10,
1298,"Mild Mint",50,20,10,
1299,"Rash Mint",50,20,10,
1300,"Quiet Mint",50,20,10,
1301,"Calm Mint",50,20,10,
1302,"Gentle Mint",50,20,10,
1303,"Careful Mint",50,20,10,
1304,"Sassy Mint",50,20,10,
1305,"Timid Mint",50,20,10,
1306,"Hasty Mint",50,20,10,
1307,"Jolly Mint",50,20,10,
1308,"Naive Mint",50,20,10,
1309,"Serious Mint",50,20,10,
1310,"Wishing Piece",9,20,50,
1311,"Cracked Pot",10,1600,80,
1312,"Chipped Pot",10,38000,80,
1313,"Hi Tech Earbuds",21,0,,
1314,"Fruit Bunch",51,2200,10,
1315,"Moomoo Cheese",51,2200,20,
1316,"Spice Mix",51,400,50,
1317,"Fresh Cream",51,950,10,
1318,"Packaged Curry",51,950,10,
1319,"Coconut Milk",51,950,10,
1320,"Instant Noodles",51,150,10,
1321,"Precooked Burger",51,150,10,
1322,Gigantamix,51,15000,50,
1323,"Wishing Chip",23,0,,
1324,"Rotom Bike  Water Mode",23,0,,
1325,"Catching Charm",21,0,,
1326,"Old Letter",22,0,,
1327,"Band Autograph",23,0,,
1328,"Sonias Book",22,0,,
1329,"Rotom Catalog",21,0,,
1330,"Dynamax Crystal And458",49,20,,
1331,"Dynamax Crystal And15",49,20,,
1332,"Dynamax Crystal And337",49,20,,
1333,"Dynamax Crystal And603",49,20,,
1334,"Dynamax Crystal And390",49,20,,
1335,"Dynamax Crystal Sgr6879",49,20,,
1336,"Dynamax Crystal Sgr6859",49,20,,
1337,"Dynamax Crystal Sgr6913",49,20,,
1338,"Dynamax Crystal Sgr7348",49,20,,
1339,"Dynamax Crystal Sgr7121",49,20,,
1340,"Dynamax Crystal Sgr6746",49,20,,
1341,"Dynamax Crystal Sgr7194",49,20,,
1342,"Dynamax Crystal Sgr7337",49,20,,
1343,"Dynamax Crystal Sgr7343",49,20,,
1344,"Dynamax Crystal Sgr6812",49,20,,
1345,"Dynamax Crystal Sgr7116",49,20,,
1346,"Dynamax Crystal Sgr7264",49,20,,
1347,"Dynamax Crystal Sgr7597",49,20,,
1348,"Dynamax Crystal Del7882",49,20,,
1349,"Dynamax Crystal Del7906",49,20,,
1350,"Dynamax Crystal Del7852",49,20,,
1351,"Dynamax Crystal Psc596",49,20,,
1352,"Dynamax Crystal Psc361",49,20,,
1353,"Dynamax Crystal Psc510",49,20,,
1354,"Dynamax Crystal Psc437",49,20,,
1355,"Dynamax Crystal Psc8773",49,20,,
1356,"Dynamax Crystal Lep1865",49,20,,
1357,"Dynamax Crystal Lep1829",49,20,,
1358,"Dynamax Crystal Boo5340",49,20,,
1359,"Dynamax Crystal Boo5506",49,20,,
1360,"Dynamax Crystal Boo5435",49,20,,
1361,"Dynamax Crystal Boo5602",49,20,,
1362,"Dynamax Crystal Boo5733",49,20,,
1363,"Dynamax Crystal Boo5235",49,20,,
1364,"Dynamax Crystal Boo5351",49,20,,
1365,"Dynamax Crystal Hya3748",49,20,,
1366,"Dynamax Crystal Hya3903",49,20,,
1367,"Dynamax Crystal Hya3418",49,20,,
1368,"Dynamax Crystal Hya3482",49,20,,
1369,"Dynamax Crystal Hya3845",49,20,,
1370,"Dynamax Crystal Eri1084",49,20,,
1371,"Dynamax Crystal Eri472",49,20,,
1372,"Dynamax Crystal Eri1666",49,20,,
1373,"Dynamax Crystal Eri897",49,20,,
1374,"Dynamax Crystal Eri1231",49,20,,
1375,"Dynamax Crystal Eri874",49,20,,
1376,"Dynamax Crystal Eri1298",49,20,,
1377,"Dynamax Crystal Eri1325",49,20,,
1378,"Dynamax Crystal Eri984",49,20,,
1379,"Dynamax Crystal Eri1464",49,20,,
1380,"Dynamax Crystal Eri1393",49,20,,
1381,"Dynamax Crystal Eri850",49,20,,
1382,"Dynamax Crystal Tau1409",49,20,,
1383,"Dynamax Crystal Tau1457",49,20,,
1384,"Dynamax Crystal Tau1165",49,20,,
1385,"Dynamax Crystal Tau1791",49,20,,
1386,"Dynamax Crystal Tau1910",49,20,,
1387,"Dynamax Crystal Tau1346",49,20,,
1388,"Dynamax Crystal Tau1373",49,20,,
1389,"Dynamax Crystal Tau1412",49,20,,
1390,"Dynamax Crystal Cma2491",49,20,,
1391,"Dynamax Crystal Cma2693",49,20,,
1392,"Dynamax Crystal Cma2294",49,20,,
1393,"Dynamax Crystal Cma2827",49,20,,
1394,"Dynamax Crystal Cma2282",49,20,,
1395,"Dynamax Crystal Cma2618",49,20,,
1396,"Dynamax Crystal Cma2657",49,20,,
1397,"Dynamax Crystal Cma2646",49,20,,
1398,"Dynamax Crystal Uma4905",49,20,,
1399,"Dynamax Crystal Uma4301",49,20,,
1400,"Dynamax Crystal Uma5191",49,20,,
1401,"Dynamax Crystal Uma5054",49,20,,
1402,"Dynamax Crystal Uma4295",49,20,,
1403,"Dynamax Crystal Uma4660",49,20,,
1404,"Dynamax Crystal Uma4554",49,20,,
1405,"Dynamax Crystal Uma4069",49,20,,
1406,"Dynamax Crystal Uma3569",49,20,,
1407,"Dynamax Crystal Uma3323",49,20,,
1408,"Dynamax Crystal Uma4033",49,20,,
1409,"Dynamax Crystal Uma4377",49,20,,
1410,"Dynamax Crystal Uma4375",49,20,,
1411,"Dynamax Crystal Uma4518",49,20,,
1412,"Dynamax Crystal Uma3594",49,20,,
1413,"Dynamax Crystal Vir5056",49,20,,
1414,"Dynamax Crystal Vir4825",49,20,,
1415,"Dynamax Crystal Vir4932",49,20,,
1416,"Dynamax Crystal Vir4540",49,20,,
1417,"Dynamax Crystal Vir4689",49,20,,
1418,"Dynamax Crystal Vir5338",49,20,,
1419,"Dynamax Crystal Vir4910",49,20,,
1420,"Dynamax Crystal Vir5315",49,20,,
1421,"Dynamax Crystal Vir5359",49,20,,
1422,"Dynamax Crystal Vir5409",49,20,,
1423,"Dynamax Crystal Vir5107",49,20,,
1424,"Dynamax Crystal Ari617",49,20,,
1425,"Dynamax Crystal Ari553",49,20,,
1426,"Dynamax Crystal Ari546",49,20,,
1427,"Dynamax Crystal Ari951",49,20,,
1428,"Dynamax Crystal Ori1713",49,20,,
1429,"Dynamax Crystal Ori2061",49,20,,
1430,"Dynamax Crystal Ori1790",49,20,,
1431,"Dynamax Crystal Ori1903",49,20,,
1432,"Dynamax Crystal Ori1948",49,20,,
1433,"Dynamax Crystal Ori2004",49,20,,
1434,"Dynamax Crystal Ori1852",49,20,,
1435,"Dynamax Crystal Ori1879",49,20,,
1436,"Dynamax Crystal Ori1899",49,20,,
1437,"Dynamax Crystal Ori1543",49,20,,
1438,"Dynamax Crystal Cas21",49,20,,
1439,"Dynamax Crystal Cas168",49,20,,
1440,"Dynamax Crystal Cas403",49,20,,
1441,"Dynamax Crystal Cas153",49,20,,
1442,"Dynamax Crystal Cas542",49,20,,
1443,"Dynamax Crystal Cas219",49,20,,
1444,"Dynamax Crystal Cas265",49,20,,
1445,"Dynamax Crystal Cnc3572",49,20,,
1446,"Dynamax Crystal Cnc3208",49,20,,
1447,"Dynamax Crystal Cnc3461",49,20,,
1448,"Dynamax Crystal Cnc3449",49,20,,
1449,"Dynamax Crystal Cnc3429",49,20,,
1450,"Dynamax Crystal Cnc3627",49,20,,
1451,"Dynamax Crystal Cnc3268",49,20,,
1452,"Dynamax Crystal Cnc3249",49,20,,
1453,"Dynamax Crystal Com4968",49,20,,
1454,"Dynamax Crystal Crv4757",49,20,,
1455,"Dynamax Crystal Crv4623",49,20,,
1456,"Dynamax Crystal Crv4662",49,20,,
1457,"Dynamax Crystal Crv4786",49,20,,
1458,"Dynamax Crystal Aur1708",49,20,,
1459,"Dynamax Crystal Aur2088",49,20,,
1460,"Dynamax Crystal Aur1605",49,20,,
1461,"Dynamax Crystal Aur2095",49,20,,
1462,"Dynamax Crystal Aur1577",49,20,,
1463,"Dynamax Crystal Aur1641",49,20,,
1464,"Dynamax Crystal Aur1612",49,20,,
1465,"Dynamax Crystal Pav7790",49,20,,
1466,"Dynamax Crystal Cet911",49,20,,
1467,"Dynamax Crystal Cet681",49,20,,
1468,"Dynamax Crystal Cet188",49,20,,
1469,"Dynamax Crystal Cet539",49,20,,
1470,"Dynamax Crystal Cet804",49,20,,
1471,"Dynamax Crystal Cep8974",49,20,,
1472,"Dynamax Crystal Cep8162",49,20,,
1473,"Dynamax Crystal Cep8238",49,20,,
1474,"Dynamax Crystal Cep8417",49,20,,
1475,"Dynamax Crystal Cen5267",49,20,,
1476,"Dynamax Crystal Cen5288",49,20,,
1477,"Dynamax Crystal Cen551",49,20,,
1478,"Dynamax Crystal Cen5459",49,20,,
1479,"Dynamax Crystal Cen5460",49,20,,
1480,"Dynamax Crystal Cmi2943",49,20,,
1481,"Dynamax Crystal Cmi2845",49,20,,
1482,"Dynamax Crystal Equ8131",49,20,,
1483,"Dynamax Crystal Vul7405",49,20,,
1484,"Dynamax Crystal Umi424",49,20,,
1485,"Dynamax Crystal Umi5563",49,20,,
1486,"Dynamax Crystal Umi5735",49,20,,
1487,"Dynamax Crystal Umi6789",49,20,,
1488,"Dynamax Crystal Crt4287",49,20,,
1489,"Dynamax Crystal Lyr7001",49,20,,
1490,"Dynamax Crystal Lyr7178",49,20,,
1491,"Dynamax Crystal Lyr7106",49,20,,
1492,"Dynamax Crystal Lyr7298",49,20,,
1493,"Dynamax Crystal Ara6585",49,20,,
1494,"Dynamax Crystal Sco6134",49,20,,
1495,"Dynamax Crystal Sco6527",49,20,,
1496,"Dynamax Crystal Sco6553",49,20,,
1497,"Dynamax Crystal Sco5953",49,20,,
1498,"Dynamax Crystal Sco5984",49,20,,
1499,"Dynamax Crystal Sco6508",49,20,,
1500,"Dynamax Crystal Sco6084",49,20,,
1501,"Dynamax Crystal Sco5944",49,20,,
1502,"Dynamax Crystal Sco6630",49,20,,
1503,"Dynamax Crystal Sco6027",49,20,,
1504,"Dynamax Crystal Sco6247",49,20,,
1505,"Dynamax Crystal Sco6252",49,20,,
1506,"Dynamax Crystal Sco5928",49,20,,
1507,"Dynamax Crystal Sco6241",49,20,,
1508,"Dynamax Crystal Sco6165",49,20,,
1509,"Dynamax Crystal Tri544",49,20,,
1510,"Dynamax Crystal Leo3982",49,20,,
1511,"Dynamax Crystal Leo4534",49,20,,
1512,"Dynamax Crystal Leo4357",49,20,,
1513,"Dynamax Crystal Leo4057",49,20,,
1514,"Dynamax Crystal Leo4359",49,20,,
1515,"Dynamax Crystal Leo4031",49,20,,
1516,"Dynamax Crystal Leo3852",49,20,,
1517,"Dynamax Crystal Leo3905",49,20,,
1518,"Dynamax Crystal Leo3773",49,20,,
1519,"Dynamax Crystal Gru8425",49,20,,
1520,"Dynamax Crystal Gru8636",49,20,,
1521,"Dynamax Crystal Gru8353",49,20,,
1522,"Dynamax Crystal Lib5685",49,20,,
1523,"Dynamax Crystal Lib5531",49,20,,
1524,"Dynamax Crystal Lib5787",49,20,,
1525,"Dynamax Crystal Lib5603",49,20,,
1526,"Dynamax Crystal Pup3165",49,20,,
1527,"Dynamax Crystal Pup3185",49,20,,
1528,"Dynamax Crystal Pup3045",49,20,,
1529,"Dynamax Crystal Cyg7924",49,20,,
1530,"Dynamax Crystal Cyg7417",49,20,,
1531,"Dynamax Crystal Cyg7796",49,20,,
1532,"Dynamax Crystal Cyg8301",49,20,,
1533,"Dynamax Crystal Cyg7949",49,20,,
1534,"Dynamax Crystal Cyg7528",49,20,,
1535,"Dynamax Crystal Oct7228",49,20,,
1536,"Dynamax Crystal Col1956",49,20,,
1537,"Dynamax Crystal Col2040",49,20,,
1538,"Dynamax Crystal Col2177",49,20,,
1539,"Dynamax Crystal Gem2990",49,20,,
1540,"Dynamax Crystal Gem2891",49,20,,
1541,"Dynamax Crystal Gem2421",49,20,,
1542,"Dynamax Crystal Gem2473",49,20,,
1543,"Dynamax Crystal Gem2216",49,20,,
1544,"Dynamax Crystal Gem2777",49,20,,
1545,"Dynamax Crystal Gem2650",49,20,,
1546,"Dynamax Crystal Gem2286",49,20,,
1547,"Dynamax Crystal Gem2484",49,20,,
1548,"Dynamax Crystal Gem2930",49,20,,
1549,"Dynamax Crystal Peg8775",49,20,,
1550,"Dynamax Crystal Peg8781",49,20,,
1551,"Dynamax Crystal Peg39",49,20,,
1552,"Dynamax Crystal Peg8308",49,20,,
1553,"Dynamax Crystal Peg8650",49,20,,
1554,"Dynamax Crystal Peg8634",49,20,,
1555,"Dynamax Crystal Peg8684",49,20,,
1556,"Dynamax Crystal Peg8450",49,20,,
1557,"Dynamax Crystal Peg8880",49,20,,
1558,"Dynamax Crystal Peg8905",49,20,,
1559,"Dynamax Crystal Oph6556",49,20,,
1560,"Dynamax Crystal Oph6378",49,20,,
1561,"Dynamax Crystal Oph6603",49,20,,
1562,"Dynamax Crystal Oph6149",49,20,,
1563,"Dynamax Crystal Oph6056",49,20,,
1564,"Dynamax Crystal Oph6075",49,20,,
1565,"Dynamax Crystal Ser5854",49,20,,
1566,"Dynamax Crystal Ser7141",49,20,,
1567,"Dynamax Crystal Ser5879",49,20,,
1568,"Dynamax Crystal Her6406",49,20,,
1569,"Dynamax Crystal Her6148",49,20,,
1570,"Dynamax Crystal Her6410",49,20,,
1571,"Dynamax Crystal Her6526",49,20,,
1572,"Dynamax Crystal Her6117",49,20,,
1573,"Dynamax Crystal Her6008",49,20,,
1574,"Dynamax Crystal Per936",49,20,,
1575,"Dynamax Crystal Per1017",49,20,,
1576,"Dynamax Crystal Per1131",49,20,,
1577,"Dynamax Crystal Per1228",49,20,,
1578,"Dynamax Crystal Per834",49,20,,
1579,"Dynamax Crystal Per941",49,20,,
1580,"Dynamax Crystal Phe99",49,20,,
1581,"Dynamax Crystal Phe338",49,20,,
1582,"Dynamax Crystal Vel3634",49,20,,
1583,"Dynamax Crystal Vel3485",49,20,,
1584,"Dynamax Crystal Vel3734",49,20,,
1585,"Dynamax Crystal Aqr8232",49,20,,
1586,"Dynamax Crystal Aqr8414",49,20,,
1587,"Dynamax Crystal Aqr8709",49,20,,
1588,"Dynamax Crystal Aqr8518",49,20,,
1589,"Dynamax Crystal Aqr7950",49,20,,
1590,"Dynamax Crystal Aqr8499",49,20,,
1591,"Dynamax Crystal Aqr8610",49,20,,
1592,"Dynamax Crystal Aqr8264",49,20,,
1593,"Dynamax Crystal Cru4853",49,20,,
1594,"Dynamax Crystal Cru4730",49,20,,
1595,"Dynamax Crystal Cru4763",49,20,,
1596,"Dynamax Crystal Cru4700",49,20,,
1597,"Dynamax Crystal Cru4656",49,20,,
1598,"Dynamax Crystal Psa8728",49,20,,
1599,"Dynamax Crystal Tra6217",49,20,,
1600,"Dynamax Crystal Cap7776",49,20,,
1601,"Dynamax Crystal Cap7754",49,20,,
1602,"Dynamax Crystal Cap8278",49,20,,
1603,"Dynamax Crystal Cap8322",49,20,,
1604,"Dynamax Crystal Cap7773",49,20,,
1605,"Dynamax Crystal Sge7479",49,20,,
1606,"Dynamax Crystal Car2326",49,20,,
1607,"Dynamax Crystal Car3685",49,20,,
1608,"Dynamax Crystal Car3307",49,20,,
1609,"Dynamax Crystal Car3699",49,20,,
1610,"Dynamax Crystal Dra5744",49,20,,
1611,"Dynamax Crystal Dra5291",49,20,,
1612,"Dynamax Crystal Dra6705",49,20,,
1613,"Dynamax Crystal Dra6536",49,20,,
1614,"Dynamax Crystal Dra7310",49,20,,
1615,"Dynamax Crystal Dra6688",49,20,,
1616,"Dynamax Crystal Dra4434",49,20,,
1617,"Dynamax Crystal Dra6370",49,20,,
1618,"Dynamax Crystal Dra7462",49,20,,
1619,"Dynamax Crystal Dra6396",49,20,,
1620,"Dynamax Crystal Dra6132",49,20,,
1621,"Dynamax Crystal Dra6636",49,20,,
1622,"Dynamax Crystal Cvn4915",49,20,,
1623,"Dynamax Crystal Cvn4785",49,20,,
1624,"Dynamax Crystal Cvn4846",49,20,,
1625,"Dynamax Crystal Aql7595",49,20,,
1626,"Dynamax Crystal Aql7557",49,20,,
1627,"Dynamax Crystal Aql7525",49,20,,
1628,"Dynamax Crystal Aql7602",49,20,,
1629,"Dynamax Crystal Aql7235",49,20,,
1630,"Max Honey",29,4000,30,
1631,"Max Mushrooms",1,6000,30,
1632,"Galarica Twig",9,20,30,
1633,"Galarica Cuff",9,3000,30,
1634,"Style Card",21,0,,
1635,"Armor Pass",22,0,,
1636,"Rotom Bike  Sparkling White",23,0,,
1637,"Rotom Bike  Glistening Black",23,0,,
1638,"Exp Charm",21,0,,
1639,"Armorite Ore",9,20,30,
1640,"Mark Charm",21,0,,
1641,"Reins Of Unity  Merge",23,0,,
1642,"Reins Of Unity  Split",23,0,,
1643,"Galarica Wreath",9,3000,30,
1644,"Legendary Clue 1",22,0,,
1645,"Legendary Clue 2",22,0,,
1646,"Legendary Clue 3",22,0,,
1647,"Legendary Clue Question",22,0,,
1648,"Crown Pass",22,0,,
1649,"Wooden Crown",22,0,,
1650,"Radiant Petal",22,0,,
1651,"White Mane Hair",22,0,,
1652,"Black Mane Hair",22,0,,
1653,"Iceroot Carrot",22,0,,
1654,"Shaderoot Carrot",22,0,,
1655,"Dynite Ore",9,20,30,
1656,"Carrot Seeds",22,20,,
1657,"Ability Patch",26,20,,
1658,"Reins Of Unity",22,0,,
1659,"Adamant Crystal",21,0,,
1660,"Lustrous Globe",21,0,,
1661,"Griseous Core",21,0,,
1662,"Blank Plate",17,0,,
1663,"Strange Ball",20,0,,
1664,"Legend Plate",17,0,,
1665,"Rotom Phone",20,0,,
1666,Sandwich,20,0,,
1667,"Koraidon’s Poké Ball",20,0,,
1668,"Miraidon’s Poké Ball",20,0,,
1669,"Tera Orb",20,0,,
1670,"Scarlet Book",20,0,,
1671,"Violet Book",20,0,,
1672,"Kofu’s Wallet",22,0,,
1673,"Tiny Bamboo Shoot",24,375,,
1674,"Big Bamboo Shoot",24,1500,,
1675,"Scroll Of Darkness",21,0,,
1676,"Scroll Of Waters",21,0,,
1677,"Malicious Armor",10,750,,
1678,"Normal Tera Shard",52,500,,
1679,"Fire Tera Shard",52,500,,
1680,"Water Tera Shard",52,500,,
1681,"Electric Tera Shard",52,500,,
1682,"Grass Tera Shard",52,500,,
1683,"Ice Tera Shard",52,500,,
1684,"Fighting Tera Shard",52,500,,
1685,"Poison Tera Shard",52,500,,
1686,"Ground Tera Shard",52,500,,
1687,"Flying Tera Shard",52,500,,
1688,"Psychic Tera Shard",52,500,,
1689,"Bug Tera Shard",52,500,,
1690,"Rock Tera Shard",52,500,,
1691,"Ghost Tera Shard",52,500,,
1692,"Dragon Tera Shard",52,500,,
1693,"Dark Tera Shard",52,500,,
1694,"Steel Tera Shard",52,500,,
1695,"Fairy Tera Shard",52,500,,
1696,"Booster Energy",12,0,,
1697,"Ability Shield",12,20000,,
1698,"Clear Amulet",12,30000,,
1699,"Mirror Herb",12,30000,,
1700,"Punching Glove",12,15000,,
1701,"Covert Cloak",12,20000,,
1702,"Loaded Dice",12,20000,,
1703,Baguette,53,0,,
1704,Mayonnaise,53,120,,
1705,Ketchup,53,110,,
1706,Mustard,53,130,,
1707,Butter,53,250,,
1708,"Peanut Butter",53,300,,
1709,"Chili Sauce",53,320,,
1710,Salt,53,90,,
1711,Pepper,53,100,,
1712,Yogurt,53,140,,
1713,"Whipped Cream",53,200,,
1714,"Cream Cheese",53,280,,
1715,Jam,53,120,,
1716,Marmalade,53,260,,
1717,"Olive Oil",53,300,,
1718,Vinegar,53,300,,
1719,"Sweet Herba Mystica",53,0,,
1720,"Salty Herba Mystica",53,0,,
1721,"Sour Herba Mystica",53,0,,
1722,"Bitter Herba Mystica",53,0,,
1723,"Spicy Herba Mystica",53,0,,
1724,Lettuce,53,90,,
1725,Tomato,53,100,,
1726,"Cherry Tomatoes",53,120,,
1727,Cucumber,53,130,,
1728,Pickle,53,90,,
1729,Onion,53,130,,
1730,"Red Onion",53,230,,
1731,"Green Bell Pepper",53,230,,
1732,"Red Bell Pepper",53,240,,
1733,"Yellow Bell Pepper",53,240,,
1734,Avocado,53,180,,
1735,Bacon,53,150,,
1736,Ham,53,170,,
1737,Prosciutto,53,200,,
1738,Chorizo,53,150,,
1739,"Herbed Sausage",53,400,,
1740,Hamburger,53,380,,
1741,"Klawf Stick",53,500,,
1742,"Smoked Fillet",53,330,,
1743,"Fried Fillet",53,360,,
1744,Egg,53,80,,
1745,"Potato Tortilla",53,250,,
1746,Tofu,53,260,,
1747,Rice,53,280,,
1748,Noodles,53,280,,
1749,"Potato Salad",53,110,,
1750,Cheese,53,120,,
1751,Banana,53,80,,
1752,Strawberry,53,140,,
1753,Apple,53,130,,
1754,Kiwi,53,180,,
1755,Pineapple,53,250,,
1756,Jalapeño,53,220,,
1757,Horseradish,53,410,,
1758,"Curry Powder",53,450,,
1759,Wasabi,53,330,,
1760,Watercress,53,270,,
1761,Basil,53,280,,
1762,"Venonat Fang",54,80,,
1763,"Diglett Dirt",54,80,,
1764,"Meowth Fur",54,80,,
1765,"Psyduck Down",54,60,,
1766,"Mankey Fur",54,80,,
1767,"Growlithe Fur",54,80,,
1768,"Slowpoke Claw",54,80,,
1769,"Magnemite Screw",54,80,,
1770,"Grimer Toxin",54,80,,
1771,"Shellder Pearl",54,140,,
1772,"Gastly Gas",54,80,,
1773,"Drowzee Fur",54,60,,
1774,"Voltorb Sparks",54,80,,
1775,"Scyther Claw",54,100,,
1776,"Tauros Hair",54,100,,
1777,"Magikarp Scales",54,40,,
1778,"Ditto Goo",54,300,,
1779,"Eevee Fur",54,200,,
1780,"Dratini Scales",54,200,,
1781,"Pichu Fur",54,100,,
1782,"Igglybuff Fluff",54,60,,
1783,"Mareep Wool",54,60,,
1784,"Hoppip Leaf",54,60,,
1785,"Sunkern Leaf",54,60,,
1786,"Murkrow Bauble",54,100,,
1787,"Misdreavus Tears",54,80,,
1788,"Girafarig Fur",54,100,,
1789,"Pineco Husk",54,80,,
1790,"Dunsparce Scales",54,120,,
1791,"Qwilfish Spines",54,80,,
1792,"Heracross Claw",54,100,,
1793,"Sneasel Claw",54,80,,
1794,"Teddiursa Claw",54,80,,
1795,"Delibird Parcel",54,240,,
1796,"Houndour Fang",54,80,,
1797,"Phanpy Nail",54,80,,
1798,"Stantler Hair",54,120,,
1799,"Larvitar Claw",54,200,,
1800,"Wingull Feather",54,60,,
1801,"Ralts Dust",54,80,,
1802,"Surskit Syrup",54,60,,
1803,"Shroomish Spores",54,80,,
1804,"Slakoth Fur",54,60,,
1805,"Makuhita Sweat",54,80,,
1806,"Azurill Fur",54,60,,
1807,"Sableye Gem",54,200,,
1808,"Meditite Sweat",54,80,,
1809,"Gulpin Mucus",54,80,,
1810,"Numel Lava",54,80,,
1811,"Torkoal Coal",54,140,,
1812,"Spoink Pearl",54,140,,
1813,"Cacnea Needle",54,80,,
1814,"Swablu Fluff",54,100,,
1815,"Zangoose Claw",54,120,,
1816,"Seviper Fang",54,120,,
1817,"Barboach Slime",54,60,,
1818,"Shuppet Scrap",54,80,,
1819,"Tropius Leaf",54,140,,
1820,"Snorunt Fur",54,80,,
1821,"Luvdisc Scales",54,160,,
1822,"Bagon Scales",54,200,,
1823,"Starly Feather",54,60,,
1824,"Kricketot Shell",54,40,,
1825,"Shinx Fang",54,60,,
1826,"Combee Honey",54,100,,
1827,"Pachirisu Fur",54,100,,
1828,"Buizel Fur",54,80,,
1829,"Shellos Mucus",54,80,,
1830,"Drifloon Gas",54,80,,
1831,"Stunky Fur",54,80,,
1832,"Bronzor Fragment",54,80,,
1833,"Bonsly Tears",54,80,,
1834,"Happiny Dust",54,300,,
1835,"Spiritomb Fragment",54,240,,
1836,"Gible Scales",54,200,,
1837,"Riolu Fur",54,160,,
1838,"Hippopotas Sand",54,80,,
1839,"Croagunk Poison",54,80,,
1840,"Finneon Scales",54,80,,
1841,"Snover Berries",54,60,,
1842,"Rotom Sparks",54,200,,
1843,"Petilil Leaf",54,60,,
1844,"Basculin Fang",54,80,,
1845,"Sandile Claw",54,80,,
1846,"Zorua Fur",54,140,,
1847,"Gothita Eyelash",54,80,,
1848,"Deerling Hair",54,60,,
1849,"Foongus Spores",54,80,,
1850,"Alomomola Mucus",54,120,,
1851,"Tynamo Slime",54,80,,
1852,"Axew Scales",54,200,,
1853,"Cubchoo Fur",54,80,,
1854,"Cryogonal Ice",54,100,,
1855,"Pawniard Blade",54,80,,
1856,"Rufflet Feather",54,80,,
1857,"Deino Scales",54,200,,
1858,"Larvesta Fuzz",54,200,,
1859,"Fletchling Feather",54,60,,
1860,"Scatterbug Powder",54,40,,
1861,"Litleo Tuft",54,80,,
1862,"Flabébé Pollen",54,80,,
1863,"Skiddo Leaf",54,80,,
1864,"Skrelp Kelp",54,100,,
1865,"Clauncher Claw",54,100,,
1866,"Hawlucha Down",54,100,,
1867,"Dedenne Fur",54,100,,
1868,"Goomy Goo",54,140,,
1869,"Klefki Key",54,100,,
1870,"Bergmite Ice",54,80,,
1871,"Noibat Fur",54,80,,
1872,"Yungoos Fur",54,60,,
1873,"Crabrawler Shell",54,100,,
1874,"Oricorio Feather",54,100,,
1875,"Rockruff Rock",54,80,,
1876,"Mareanie Spike",54,80,,
1877,"Mudbray Mud",54,80,,
1878,"Fomantis Leaf",54,80,,
1879,"Salandit Gas",54,80,,
1880,"Bounsweet Sweat",54,80,,
1881,"Oranguru Fur",54,120,,
1882,"Passimian Fur",54,120,,
1883,"Sandygast Sand",54,80,,
1884,"Komala Claw",54,100,,
1885,"Mimikyu Scrap",54,40,,
1886,"Bruxish Tooth",54,100,,
1887,"Chewtle Claw",54,80,,
1888,"Skwovet Fur",54,60,,
1889,"Arrokuda Scales",54,80,,
1890,"Rookidee Feather",54,80,,
1891,"Toxel Sparks",54,80,,
1892,"Falinks Sweat",54,120,,
1893,"Cufant Tarnish",54,80,,
1894,"Rolycoly Coal",54,80,,
1895,"Silicobra Sand",54,80,,
1896,"Indeedee Fur",54,120,,
1897,"Pincurchin Spines",54,100,,
1898,"Snom Thread",54,80,,
1899,"Impidimp Hair",54,80,,
1900,"Applin Juice",54,100,,
1901,"Sinistea Chip",54,80,,
1902,"Hatenna Dust",54,80,,
1903,"Stonjourner Stone",54,120,,
1904,"Eiscue Down",54,120,,
1905,"Dreepy Powder",54,200,,
1906,"Lechonk Hair",54,60,,
1907,"Tarountula Thread",54,60,,
1908,"Nymble Claw",54,60,,
1909,"Rellor Mud",54,80,,
1910,"Greavard Wax",54,80,,
1911,"Flittle Down",54,80,,
1912,"Wiglett Sand",54,80,,
1913,"Dondozo Whisker",54,160,,
1914,"Veluza Fillet",54,140,,
1915,"Finizen Mucus",54,100,,
1916,"Smoliv Oil",54,80,,
1917,"Capsakid Seed",54,80,,
1918,"Tadbulb Mucus",54,80,,
1919,"Varoom Fume",54,80,,
1920,"Orthworm Tarnish",54,200,,
1921,"Tandemaus Fur",54,80,,
1922,"Cetoddle Grease",54,80,,
1923,"Frigibax Scales",54,200,,
1924,"Tatsugiri Scales",54,200,,
1925,"Cyclizar Scales",54,120,,
1926,"Pawmi Fur",54,100,,
1927,"Wattrel Feather",54,120,,
1928,"Bombirdier Feather",54,200,,
1929,"Squawkabilly Feather",54,80,,
1930,"Flamigo Down",54,80,,
1931,"Klawf Claw",54,200,,
1932,"Nacli Salt",54,80,,
1933,"Glimmet Crystal",54,120,,
1934,"Shroodle Ink",54,80,,
1935,"Fidough Fur",54,80,,
1936,"Maschiff Fang",54,80,,
1937,"Bramblin Twig",54,80,,
1938,"Gimmighoul Coin",54,800,,
1939,"Tinkatink Hair",54,80,,
1940,"Charcadet Soot",54,160,,
1941,"Toedscool Flaps",54,100,,
1942,"Wooper Slime",54,60,,
1943,Tm100,37,0,,
1944,Tm101,37,0,,
1945,Tm102,37,0,,
1946,Tm103,37,0,,
1947,Tm104,37,0,,
1948,Tm105,37,0,,
1949,Tm106,37,0,,
1950,Tm107,37,0,,
1951,Tm108,37,0,,
1952,Tm109,37,0,,
1953,Tm110,37,0,,
1954,Tm111,37,0,,
1955,Tm112,37,0,,
1956,Tm113,37,0,,
1957,Tm114,37,0,,
1958,Tm115,37,0,,
1959,Tm116,37,0,,
1960,Tm117,37,0,,
1961,Tm118,37,0,,
1962,Tm119,37,0,,
1963,Tm120,37,0,,
1964,Tm121,37,0,,
1965,Tm122,37,0,,
1966,Tm123,37,0,,
1967,Tm124,37,0,,
1968,Tm125,37,0,,
1969,Tm126,37,0,,
1970,Tm127,37,0,,
1971,Tm128,37,0,,
1972,Tm129,37,0,,
1973,Tm130,37,0,,
1974,Tm131,37,0,,
1975,Tm132,37,0,,
1976,Tm133,37,0,,
1977,Tm134,37,0,,
1978,Tm135,37,0,,
1979,Tm136,37,0,,
1980,Tm137,37,0,,
1981,Tm138,37,0,,
1982,Tm139,37,0,,
1983,Tm140,37,0,,
1984,Tm141,37,0,,
1985,Tm142,37,0,,
1986,Tm143,37,0,,
1987,Tm144,37,0,,
1988,Tm145,37,0,,
1989,Tm146,37,0,,
1990,Tm147,37,0,,
1991,Tm148,37,0,,
1992,Tm149,37,0,,
1993,Tm150,37,0,,
1994,Tm151,37,0,,
1995,Tm152,37,0,,
1996,Tm153,37,0,,
1997,Tm154,37,0,,
1998,Tm155,37,0,,
1999,Tm156,37,0,,
2000,Tm157,37,0,,
2001,Tm158,37,0,,
2002,Tm159,37,0,,
2003,Tm160,37,0,,
2004,Tm161,37,0,,
2005,Tm162,37,0,,
2006,Tm163,37,0,,
2007,Tm164,37,0,,
2008,Tm165,37,0,,
2009,Tm166,37,0,,
2010,Tm167,37,0,,
2011,Tm168,37,0,,
2012,Tm169,37,0,,
2013,Tm170,37,0,,
2014,Tm171,37,0,,
2015,"Picnic Set",55,0,,
2016,"Academy Bottle",55,0,,
2017,"Academy Bottle",55,0,,
2018,"Polka Dot Bottle",55,1000,,
2019,"Striped Bottle",55,1000,,
2020,"Diamond Bottle",55,1000,,
2021,"Academy Cup",55,0,,
2022,"Academy Cup",55,0,,
2023,"Striped Cup",55,800,,
2024,"Polka Dot Cup",55,800,,
2025,"Flower Pattern Cup",55,800,,
2026,"Academy Tablecloth",55,0,,
2027,"Academy Tablecloth",55,0,,
2028,"Whimsical Tablecloth",55,2000,,
2029,"Leafy Tablecloth",55,2000,,
2030,"Spooky Tablecloth",55,4000,,
2031,"Academy Ball",55,0,,
2032,"Academy Ball",55,0,,
2033,"Marill Ball",55,2000,,
2034,"Yarn Ball",55,1000,,
2035,"Cyber Ball",55,2000,,
2036,"Gold Pick",55,400,,
2037,"Silver Pick",55,40,,
2038,"Red Flag Pick",55,120,,
2039,"Blue Flag Pick",55,120,,
2040,"Pika Pika Pick",55,480,,
2041,"Winking Pika Pick",55,1200,,
2042,"Vee Vee Pick",55,480,,
2043,"Smiling Vee Pick",55,1200,,
2044,"Blue Poké Ball Pick",55,200,,
2045,"Auspicious Armor",55,3000,,
2046,"Leader’s Crest",55,3000,,
2047,"Pink Bottle",55,2000,,
2048,"Blue Bottle",55,2000,,
2049,"Yellow Bottle",55,2000,,
2050,"Steel Bottle (r)",55,1500,,
2051,"Steel Bottle (y)",55,1500,,
2052,"Steel Bottle (b)",55,1500,,
2053,"Silver Bottle",55,20000,,
2054,"Barred Cup",55,800,,
2055,"Diamond Pattern Cup",55,800,,
2056,"Fire Pattern Cup",55,800,,
2057,"Pink Cup",55,1500,,
2058,"Blue Cup",55,1500,,
2059,"Yellow Cup",55,1500,,
2060,"Pikachu Cup",55,2000,,
2061,"Eevee Cup",55,2000,,
2062,"Slowpoke Cup",55,2000,,
2063,"Silver Cup",55,20000,,
2064,"Exercise Ball",55,2000,,
2065,"Plaid Tablecloth (y)",55,3000,,
2066,"Plaid Tablecloth (b)",55,3000,,
2067,"Plaid Tablecloth (r)",55,3000,,
2068,"B&w Grass Tablecloth",55,0,,
2069,"Battle Tablecloth",55,4000,,
2070,"Monstrous Tablecloth",55,2000,,
2071,"Striped Tablecloth",55,1500,,
2072,"Diamond Tablecloth",55,1500,,
2073,"Polka Dot Tablecloth",55,1500,,
2074,"Lilac Tablecloth",55,1000,,
2075,"Mint Tablecloth",55,1000,,
2076,"Peach Tablecloth",55,1000,,
2077,"Yellow Tablecloth",55,5000,,
2078,"Blue Tablecloth",55,5000,,
2079,"Pink Tablecloth",55,5000,,
2080,"Gold Bottle",55,30000,,
2081,"Bronze Bottle",55,10000,,
2082,"Gold Cup",55,15000,,
2083,"Bronze Cup",55,5000,,
2084,"Green Poké Ball Pick",55,200,,
2085,"Red Poké Ball Pick",55,200,,
2086,"Party Sparkler Pick",55,1600,,
2087,"Heroic Sword Pick",55,2000,,
2088,"Magical Star Pick",55,600,,
2089,"Magical Heart Pick",55,600,,
2090,"Parasol Pick",55,800,,
2091,"Blue Sky Flower Pick",55,1000,,
2092,"Sunset Flower Pick",55,1000,,
2093,"Sunrise Flower Pick",55,1000,,
2094,"Blue Dish",55,0,,
2095,"Green Dish",55,0,,
2096,"Orange Dish",55,0,,
2097,"Red Dish",55,0,,
2098,"White Dish",55,0,,
2099,"Yellow Dish",55,0,,
2100,"Roto Stick",21,0,,
2101,"Teal Style Card",21,0,,
2102,"Teal Mask",20,0,,
2103,"Glimmering Charm",21,0,,
2104,"Cyrstal Cluster",20,0,,
2105,"Fairy Feather",12,750,,
2106,"Wellspring Mask",12,0,,
2107,"Hearthflame Mask",12,0,,
2108,"Cornerstone Mask",12,0,,
2109,"Syrupy Apple",10,500,,
2110,"Unremarkable Teacup",10,400,,
2111,"Masterpiece Teacup",10,9500,,
2112,"Health Mochi",26,125,,
2113,"Muscle Mochi",26,125,,
2114,"Resist Mochi",26,125,,
2115,"Genius Mochi",26,125,,
2116,"Clever Mochi",26,125,,
2117,"Swift Mochi",26,125,,
2118,"Fresh Start Mochi",26,75,,
2119,"Ekans Fang",54,15,,
2120,"Sandshrew Claw",54,10,,
2121,"Cleffa Fur",54,25,,
2122,"Vulpix Fur",54,35,,
2123,"Poliwag Slime",54,35,,
2124,"Bellsprout Vine",54,25,,
2125,"Geodude Fragment",54,30,,
2126,"Koffing Gas",54,25,,
2127,"Munchlax Fang",54,40,,
2128,"Sentret Fur",54,10,,
2129,"Hoothoot Feather",54,15,,
2130,"Spinarak Thread",54,10,,
2131,"Aipom Hair",54,30,,
2132,"Yanma Spike",54,35,,
2133,"Gligar Fang",54,40,,
2134,"Slugma Lava",54,20,,
2135,"Swinub Hair",54,35,,
2136,"Poochyena Fang",54,15,,
2137,"Lotad Leaf",54,20,,
2138,"Seedot Stem",54,20,,
2139,"Nosepass Fragment",54,40,,
2140,"Volbeat Fluid",54,10,,
2141,"Illumise Fluid",54,10,,
2142,"Corphish Shell",54,10,,
2143,"Feebas Scales",54,35,,
2144,"Duskull Fragment",54,40,,
2145,"Chingling Fragment",54,20,,
2146,"Timburr Sweat",54,30,,
2147,"Sewaddle Leaf",54,20,,
2148,"Ducklett Feather",54,15,,
2149,"Litwick Soot",54,30,,
2150,"Mienfoo Claw",54,40,,
2151,"Vullaby Feather",54,35,,
2152,"Carbink Jewel",54,50,,
2153,"Phantump Twig",54,20,,
2154,"Grubbin Thread",54,25,,
2155,"Cutiefly Powder",54,25,,
2156,"Jangmo O Scales",54,50,,
2157,"Cramorant Down",54,30,,
2158,"Morpeko Snack",54,15,,
2159,"Poltchageist Powder",54,30,,
2160,"Linking Cord",10,8000,,
2161,Tm172,37,0,,
2162,Tm173,37,0,,
2163,Tm174,37,0,,
2164,Tm175,37,0,,
2165,Tm176,37,0,,
2166,Tm177,37,0,,
2167,Tm178,37,0,,
2168,Tm179,37,0,,
2169,Tm180,37,0,,
2170,Tm181,37,0,,
2171,Tm182,37,0,,
2172,Tm183,37,0,,
2173,Tm184,37,0,,
2174,Tm185,37,0,,
2175,Tm186,37,0,,
2176,Tm187,37,0,,
2177,Tm188,37,0,,
2178,Tm189,37,0,,
2179,Tm190,37,0,,
2180,Tm191,37,0,,
2181,Tm192,37,0,,
2182,Tm193,37,0,,
2183,Tm194,37,0,,
2184,Tm195,37,0,,
2185,Tm196,37,0,,
2186,Tm197,37,0,,
2187,Tm198,37,0,,
2188,Tm199,37,0,,
2189,Tm200,37,0,,
2190,Tm201,37,0,,
2191,Tm202,37,0,,
2192,Tm203,37,0,,
2193,Tm204,37,0,,
2194,Tm205,37,0,,
2195,Tm206,37,0,,
2196,Tm207,37,0,,
2197,Tm208,37,0,,
2198,Tm209,37,0,,
2199,Tm210,37,0,,
2200,Tm211,37,0,,
2201,Tm212,37,0,,
2202,Tm213,37,0,,
2203,Tm214,37,0,,
2204,Tm215,37,0,,
2205,Tm216,37,0,,
2206,Tm217,37,0,,
2207,Tm218,37,0,,
2208,Tm219,37,0,,
2209,Tm220,37,0,,
2210,Tm221,37,0,,
2211,Tm222,37,0,,
2212,Tm223,37,0,,
2213,Tm224,37,0,,
2214,Tm225,37,0,,
2215,Tm226,37,0,,
2216,Tm227,37,0,,
2217,Tm228,37,0,,
2218,Tm229,37,0,,
2219,"Lastrange Ball",34,0,,
2220,"Lapoke Ball",34,0,,
2221,"Lagreat Ball",34,0,,
2222,"Laultra Ball",34,0,,
2223,"Laheavy Ball",34,0,,
2224,"Laleaden Ball",34,0,,
2225,"Lagigaton Ball",34,0,,
2226,"Lafeather Ball",34,0,,
2227,"Lawing Ball",34,0,,
2228,"Lajet Ball",34,0,,
2229,"Laorigin Ball",34,0,,
10001,"Black Augurite",10,0,,
10002,"Peat Block",10,0,,
